admin,abcd127!,관리자,admin11@naver.com
201322777,abcd126!,라이언,egirls15@gmail.com
201911456,abcd123!,홍길동,ab@naver.com
201511444,abcd123!,김미영1,disney3@naver.com
202011050,abcd123!,최재훈,wogns@naver.coo
202022055,abcd123!,최재훈,wogns_20@naver.com
202022056,abcd123!,최재훈,wogns_20@naver.com
202022057,abcd123!,최재훈,wogns_20@naver.com
admin,abcd127!,관리자,admin11@naver.com
201322777,abcd126!,라이언,egirls15@gmail.com
201911456,abcd123!,홍길동,ab@naver.com
201511444,abcd123!,김미영1,disney3@naver.com
202011050,abcd123!,최재훈,wogns@naver.coo
202022055,abcd123!,최재훈,wogns_20@naver.com
202022056,abcd123!,최재훈,wogns_20@naver.com
202022057,abcd123!,최재훈,wogns_20@naver.com
admin,abcd127!,관리자,admin11@naver.com
201322777,abcd126!,라이언,egirls15@gmail.com
201911456,abcd123!,홍길동,ab@naver.com
201511444,abcd123!,김미영1,disney3@naver.com
202011050,abcd123!,최재훈,wogns@naver.coo
202022055,abcd123!,최재훈,wogns_20@naver.com
202022056,abcd123!,최재훈,wogns_20@naver.com
202022057,abcd123!,최재훈,wogns_20@naver.com
admin,abcd127!,관리자,admin11@naver.com
201322777,abcd126!,라이언,egirls15@gmail.com
201911456,abcd123!,홍길동,ab@naver.com
201511444,abcd123!,김미영1,disney3@naver.com
202011050,abcd123!,최재훈,wogns@naver.coo
202022055,abcd123!,최재훈,wogns_20@naver.com
202022056,abcd123!,최재훈,wogns_20@naver.com
202022057,abcd123!!,최재훈,wogns_20@naver.com
admin,abcd127!,관리자,admin11@naver.com
201322777,abcd126!,라이언,egirls15@gmail.com
201911456,abcd123!,홍길동,ab@naver.com
201511444,abcd123!,김미영1,disney3@naver.com
202011050,abcd123!,최재훈,wogns@naver.coo
202022055,abcd123!,최재훈,wogns_20@naver.com
202022056,abcd123!,최재훈,wogns_20@naver.com
202022057,abcd123!,최재훈,wogns_20@naver.com
admin,abcd127!,관리자,admin11@naver.com
201322777,abcd126!,라이언,egirls15@gmail.com
201911456,abcd123!,홍길동,ab@naver.com
201511444,abcd123!,김미영1,disney3@naver.com
202011050,abcd123!,최재훈,wogns@naver.coo
202022055,abcd123!,최재훈,wogns_20@naver.com
202022056,abcd123!,최재훈,wogns_20@naver.com
202022057,abcd123!,최재훈,wogns_20@naver.com
admin,abcd127!,관리자,admin11@naver.com
201322777,abcd126!,라이언,egirls15@gmail.com
201911456,abcd123!,홍길동,ab@naver.com
201511444,abcd123!,김미영1,disney3@naver.com
202011050,abcd123!,최재훈,wogns@naver.coo
202022055,abcd123!,최재훈,wogns_20@naver.com
202022056,abcd123!,최재훈,wogns_20@naver.com
202022057,abcd123!,최재훈,wogns_20@naver.com
admin,abcd127!,관리자,admin11@naver.com
201322777,abcd126!,라이언,egirls15@gmail.com
201911456,abcd123!,홍길동,ab@naver.com
201511444,abcd123!,김미영1,disney3@naver.com
202011050,abcd123!,최재훈,wogns@naver.coo
202022055,abcd123!,최재훈,wogns_20@naver.com
202022056,abcd123!,최재훈,wogns_20@naver.com
202022057,abcd123!!,최재훈,wogns_20@naver.com
admin,abcd127!,관리자,admin11@naver.com
201322777,abcd126!,라이언,egirls15@gmail.com
201911456,abcd123!,홍길동,ab@naver.com
201511444,abcd123!,김미영1,disney3@naver.com
202011050,abcd123!,최재훈,wogns@naver.coo
202022055,abcd123!,최재훈,wogns_20@naver.com
202022056,abcd123!,최재훈,wogns_20@naver.com
202022057,abcd123!,최재훈,wogns_20@naver.com
admin,abcd127!,관리자,admin11@naver.com
201322777,abcd126!,라이언,egirls15@gmail.com
201911456,abcd123!,홍길동,ab@naver.com
201511444,abcd123!,김미영1,disney3@naver.com
202011050,abcd123!,최재훈,wogns@naver.coo
202022055,abcd123!,최재훈,wogns_20@naver.com
202022056,abcd123!,최재훈,wogns_20@naver.com
202022057,abcd123!,최재훈,wogns_20@naver.com
admin,abcd127!,관리자,admin11@naver.com
201322777,abcd126!,라이언,egirls15@gmail.com
201911456,abcd123!,홍길동,ab@naver.com
201511444,abcd123!,김미영1,disney3@naver.com
202011050,abcd123!,최재훈,wogns@naver.coo
202022055,abcd123!,최재훈,wogns_20@naver.com
202022056,abcd123!,최재훈,wogns_20@naver.com
202022057,abcd123!,최재훈,wogns_20@naver.com
admin,abcd127!,관리자,admin11@naver.com
201322777,abcd126!,라이언,egirls15@gmail.com
201911456,abcd123!,홍길동,ab@naver.com
201511444,abcd123!,김미영1,disney3@naver.com
202011050,abcd123!,최재훈,wogns@naver.coo
202022055,abcd123!,최재훈,wogns_20@naver.com
202022056,abcd123!,최재훈,wogns_20@naver.com
202022057,abcd123!!,최재훈,wogns_20@naver.com
202022058,abcd123!!,최재훈,wogns_20@naver.com
202022054,abcd123!,최재훈,wogns_20@naver.com
202022060,abcd123!,최재훈,wogns_20@naver.com
202022061,abcd123!,최재훈,wogns_20@naver.com
202022063,abcd123!,최재훈,wogns_20@naver.com
admin,abcd127!,관리자,admin11@naver.com
201322777,abcd126!,라이언,egirls15@gmail.com
201911456,abcd123!,홍길동,ab@naver.com
201511444,abcd123!,김미영1,disney3@naver.com
202011050,abcd123!,최재훈,wogns@naver.coo
202022055,abcd123!,최재훈,wogns_20@naver.com
202022056,abcd123!,최재훈,wogns_20@naver.com
202022057,abcd123!,최재훈,wogns_20@naver.com
admin,abcd127!,관리자,admin11@naver.com
201322777,abcd126!,라이언,egirls15@gmail.com
201911456,abcd123!,홍길동,ab@naver.com
201511444,abcd123!,김미영1,disney3@naver.com
202011050,abcd123!,최재훈,wogns@naver.coo
202022055,abcd123!,최재훈,wogns_20@naver.com
202022056,abcd123!,최재훈,wogns_20@naver.com
202022057,abcd123!,최재훈,wogns_20@naver.com
admin,abcd127!,관리자,admin11@naver.com
201322777,abcd126!,라이언,egirls15@gmail.com
201911456,abcd123!,홍길동,ab@naver.com
201511444,abcd123!,김미영1,disney3@naver.com
202011050,abcd123!,최재훈,wogns@naver.coo
202022055,abcd123!,최재훈,wogns_20@naver.com
202022056,abcd123!,최재훈,wogns_20@naver.com
202022057,abcd123!,최재훈,wogns_20@naver.com
admin,abcd127!,관리자,admin11@naver.com
201322777,abcd126!,라이언,egirls15@gmail.com
201911456,abcd123!,홍길동,ab@naver.com
201511444,abcd123!,김미영1,disney3@naver.com
202011050,abcd123!,최재훈,wogns@naver.coo
202022055,abcd123!,최재훈,wogns_20@naver.com
202022056,abcd123!,최재훈,wogns_20@naver.com
202022057,abcd123!!,최재훈,wogns_20@naver.com
admin,abcd127!,관리자,admin11@naver.com
201322777,abcd126!,라이언,egirls15@gmail.com
201911456,abcd123!,홍길동,ab@naver.com
201511444,abcd123!,김미영1,disney3@naver.com
202011050,abcd123!,최재훈,wogns@naver.coo
202022055,abcd123!,최재훈,wogns_20@naver.com
202022056,abcd123!,최재훈,wogns_20@naver.com
202022057,abcd123!,최재훈,wogns_20@naver.com
admin,abcd127!,관리자,admin11@naver.com
201322777,abcd126!,라이언,egirls15@gmail.com
201911456,abcd123!,홍길동,ab@naver.com
201511444,abcd123!,김미영1,disney3@naver.com
202011050,abcd123!,최재훈,wogns@naver.coo
202022055,abcd123!,최재훈,wogns_20@naver.com
202022056,abcd123!,최재훈,wogns_20@naver.com
202022057,abcd123!,최재훈,wogns_20@naver.com
admin,abcd127!,관리자,admin11@naver.com
201322777,abcd126!,라이언,egirls15@gmail.com
201911456,abcd123!,홍길동,ab@naver.com
201511444,abcd123!,김미영1,disney3@naver.com
202011050,abcd123!,최재훈,wogns@naver.coo
202022055,abcd123!,최재훈,wogns_20@naver.com
202022056,abcd123!,최재훈,wogns_20@naver.com
202022057,abcd123!,최재훈,wogns_20@naver.com
admin,abcd127!,관리자,admin11@naver.com
201322777,abcd126!,라이언,egirls15@gmail.com
201911456,abcd123!,홍길동,ab@naver.com
201511444,abcd123!,김미영1,disney3@naver.com
202011050,abcd123!,최재훈,wogns@naver.coo
202022055,abcd123!,최재훈,wogns_20@naver.com
202022056,abcd123!,최재훈,wogns_20@naver.com
202022057,abcd123!!,최재훈,wogns_20@naver.com
admin,abcd127!,관리자,admin11@naver.com
201322777,abcd126!,라이언,egirls15@gmail.com
201911456,abcd123!,홍길동,ab@naver.com
201511444,abcd123!,김미영1,disney3@naver.com
202011050,abcd123!,최재훈,wogns@naver.coo
202022055,abcd123!,최재훈,wogns_20@naver.com
202022056,abcd123!,최재훈,wogns_20@naver.com
202022057,abcd123!,최재훈,wogns_20@naver.com
admin,abcd127!,관리자,admin11@naver.com
201322777,abcd126!,라이언,egirls15@gmail.com
201911456,abcd123!,홍길동,ab@naver.com
201511444,abcd123!,김미영1,disney3@naver.com
202011050,abcd123!,최재훈,wogns@naver.coo
202022055,abcd123!,최재훈,wogns_20@naver.com
202022056,abcd123!,최재훈,wogns_20@naver.com
202022057,abcd123!,최재훈,wogns_20@naver.com
admin,abcd127!,관리자,admin11@naver.com
201322777,abcd126!,라이언,egirls15@gmail.com
201911456,abcd123!,홍길동,ab@naver.com
201511444,abcd123!,김미영1,disney3@naver.com
202011050,abcd123!,최재훈,wogns@naver.coo
202022055,abcd123!,최재훈,wogns_20@naver.com
202022056,abcd123!,최재훈,wogns_20@naver.com
202022057,abcd123!,최재훈,wogns_20@naver.com
admin,abcd127!,관리자,admin11@naver.com
201322777,abcd126!,라이언,egirls15@gmail.com
201911456,abcd123!,홍길동,ab@naver.com
201511444,abcd123!,김미영1,disney3@naver.com
202011050,abcd123!,최재훈,wogns@naver.coo
202022055,abcd123!,최재훈,wogns_20@naver.com
202022056,abcd123!,최재훈,wogns_20@naver.com
202022057,abcd123!!,최재훈,wogns_20@naver.com
202022058,abcd123!!,최재훈,wogns_20@naver.com
202022054,abcd123!,최재훈,wogns_20@naver.com
202022060,abcd123!,최재훈,wogns_20@naver.com
202022061,abcd123!,최재훈,wogns_20@naver.com
202022063,abcd123!,최재훈,wogns_20@naver.com
admin,abcd127!,관리자,admin11@naver.com
201322777,abcd126!,라이언,egirls15@gmail.com
201911456,abcd123!,홍길동,ab@naver.com
201511444,abcd123!,김미영1,disney3@naver.com
202011050,abcd123!,최재훈,wogns@naver.coo
202022055,abcd123!,최재훈,wogns_20@naver.com
202022056,abcd123!,최재훈,wogns_20@naver.com
202022057,abcd123!,최재훈,wogns_20@naver.com
admin,abcd127!,관리자,admin11@naver.com
201322777,abcd126!,라이언,egirls15@gmail.com
201911456,abcd123!,홍길동,ab@naver.com
201511444,abcd123!,김미영1,disney3@naver.com
202011050,abcd123!,최재훈,wogns@naver.coo
202022055,abcd123!,최재훈,wogns_20@naver.com
202022056,abcd123!,최재훈,wogns_20@naver.com
202022057,abcd123!,최재훈,wogns_20@naver.com
admin,abcd127!,관리자,admin11@naver.com
201322777,abcd126!,라이언,egirls15@gmail.com
201911456,abcd123!,홍길동,ab@naver.com
201511444,abcd123!,김미영1,disney3@naver.com
202011050,abcd123!,최재훈,wogns@naver.coo
202022055,abcd123!,최재훈,wogns_20@naver.com
202022056,abcd123!,최재훈,wogns_20@naver.com
202022057,abcd123!,최재훈,wogns_20@naver.com
admin,abcd127!,관리자,admin11@naver.com
201322777,abcd126!,라이언,egirls15@gmail.com
201911456,abcd123!,홍길동,ab@naver.com
201511444,abcd123!,김미영1,disney3@naver.com
202011050,abcd123!,최재훈,wogns@naver.coo
202022055,abcd123!,최재훈,wogns_20@naver.com
202022056,abcd123!,최재훈,wogns_20@naver.com
202022057,abcd123!!,최재훈,wogns_20@naver.com
admin,abcd127!,관리자,admin11@naver.com
201322777,abcd126!,라이언,egirls15@gmail.com
201911456,abcd123!,홍길동,ab@naver.com
201511444,abcd123!,김미영1,disney3@naver.com
202011050,abcd123!,최재훈,wogns@naver.coo
202022055,abcd123!,최재훈,wogns_20@naver.com
202022056,abcd123!,최재훈,wogns_20@naver.com
202022057,abcd123!,최재훈,wogns_20@naver.com
admin,abcd127!,관리자,admin11@naver.com
201322777,abcd126!,라이언,egirls15@gmail.com
201911456,abcd123!,홍길동,ab@naver.com
201511444,abcd123!,김미영1,disney3@naver.com
202011050,abcd123!,최재훈,wogns@naver.coo
202022055,abcd123!,최재훈,wogns_20@naver.com
202022056,abcd123!,최재훈,wogns_20@naver.com
202022057,abcd123!,최재훈,wogns_20@naver.com
admin,abcd127!,관리자,admin11@naver.com
201322777,abcd126!,라이언,egirls15@gmail.com
201911456,abcd123!,홍길동,ab@naver.com
201511444,abcd123!,김미영1,disney3@naver.com
202011050,abcd123!,최재훈,wogns@naver.coo
202022055,abcd123!,최재훈,wogns_20@naver.com
202022056,abcd123!,최재훈,wogns_20@naver.com
202022057,abcd123!,최재훈,wogns_20@naver.com
admin,abcd127!,관리자,admin11@naver.com
201322777,abcd126!,라이언,egirls15@gmail.com
201911456,abcd123!,홍길동,ab@naver.com
201511444,abcd123!,김미영1,disney3@naver.com
202011050,abcd123!,최재훈,wogns@naver.coo
202022055,abcd123!,최재훈,wogns_20@naver.com
202022056,abcd123!,최재훈,wogns_20@naver.com
202022057,abcd123!!,최재훈,wogns_20@naver.com
admin,abcd127!,관리자,admin11@naver.com
201322777,abcd126!,라이언,egirls15@gmail.com
201911456,abcd123!,홍길동,ab@naver.com
201511444,abcd123!,김미영1,disney3@naver.com
202011050,abcd123!,최재훈,wogns@naver.coo
202022055,abcd123!,최재훈,wogns_20@naver.com
202022056,abcd123!,최재훈,wogns_20@naver.com
202022057,abcd123!,최재훈,wogns_20@naver.com
admin,abcd127!,관리자,admin11@naver.com
201322777,abcd126!,라이언,egirls15@gmail.com
201911456,abcd123!,홍길동,ab@naver.com
201511444,abcd123!,김미영1,disney3@naver.com
202011050,abcd123!,최재훈,wogns@naver.coo
202022055,abcd123!,최재훈,wogns_20@naver.com
202022056,abcd123!,최재훈,wogns_20@naver.com
202022057,abcd123!,최재훈,wogns_20@naver.com
admin,abcd127!,관리자,admin11@naver.com
201322777,abcd126!,라이언,egirls15@gmail.com
201911456,abcd123!,홍길동,ab@naver.com
201511444,abcd123!,김미영1,disney3@naver.com
202011050,abcd123!,최재훈,wogns@naver.coo
202022055,abcd123!,최재훈,wogns_20@naver.com
202022056,abcd123!,최재훈,wogns_20@naver.com
202022057,abcd123!,최재훈,wogns_20@naver.com
admin,abcd127!,관리자,admin11@naver.com
201322777,abcd126!,라이언,egirls15@gmail.com
201911456,abcd123!,홍길동,ab@naver.com
201511444,abcd123!,김미영1,disney3@naver.com
202011050,abcd123!,최재훈,wogns@naver.coo
202022055,abcd123!,최재훈,wogns_20@naver.com
202022056,abcd123!,최재훈,wogns_20@naver.com
202022057,abcd123!!,최재훈,wogns_20@naver.com
202022058,abcd123!!,최재훈,wogns_20@naver.com
202022054,abcd123!,최재훈,wogns_20@naver.com
202022060,abcd123!,최재훈,wogns_20@naver.com
202022061,abcd123!,최재훈,wogns_20@naver.com
202022063,abcd123!,최재훈,wogns_20@naver.com
admin,abcd127!,관리자,admin11@naver.com
201322777,abcd126!,라이언,egirls15@gmail.com
201911456,abcd123!,홍길동,ab@naver.com
201511444,abcd123!,김미영1,disney3@naver.com
202011050,abcd123!,최재훈,wogns@naver.coo
202022055,abcd123!,최재훈,wogns_20@naver.com
202022056,abcd123!,최재훈,wogns_20@naver.com
202022057,abcd123!,최재훈,wogns_20@naver.com
admin,abcd127!,관리자,admin11@naver.com
201322777,abcd126!,라이언,egirls15@gmail.com
201911456,abcd123!,홍길동,ab@naver.com
201511444,abcd123!,김미영1,disney3@naver.com
202011050,abcd123!,최재훈,wogns@naver.coo
202022055,abcd123!,최재훈,wogns_20@naver.com
202022056,abcd123!,최재훈,wogns_20@naver.com
202022057,abcd123!,최재훈,wogns_20@naver.com
admin,abcd127!,관리자,admin11@naver.com
201322777,abcd126!,라이언,egirls15@gmail.com
201911456,abcd123!,홍길동,ab@naver.com
201511444,abcd123!,김미영1,disney3@naver.com
202011050,abcd123!,최재훈,wogns@naver.coo
202022055,abcd123!,최재훈,wogns_20@naver.com
202022056,abcd123!,최재훈,wogns_20@naver.com
202022057,abcd123!,최재훈,wogns_20@naver.com
admin,abcd127!,관리자,admin11@naver.com
201322777,abcd126!,라이언,egirls15@gmail.com
201911456,abcd123!,홍길동,ab@naver.com
201511444,abcd123!,김미영1,disney3@naver.com
202011050,abcd123!,최재훈,wogns@naver.coo
202022055,abcd123!,최재훈,wogns_20@naver.com
202022056,abcd123!,최재훈,wogns_20@naver.com
202022057,abcd123!!,최재훈,wogns_20@naver.com
admin,abcd127!,관리자,admin11@naver.com
201322777,abcd126!,라이언,egirls15@gmail.com
201911456,abcd123!,홍길동,ab@naver.com
201511444,abcd123!,김미영1,disney3@naver.com
202011050,abcd123!,최재훈,wogns@naver.coo
202022055,abcd123!,최재훈,wogns_20@naver.com
202022056,abcd123!,최재훈,wogns_20@naver.com
202022057,abcd123!,최재훈,wogns_20@naver.com
admin,abcd127!,관리자,admin11@naver.com
201322777,abcd126!,라이언,egirls15@gmail.com
201911456,abcd123!,홍길동,ab@naver.com
201511444,abcd123!,김미영1,disney3@naver.com
202011050,abcd123!,최재훈,wogns@naver.coo
202022055,abcd123!,최재훈,wogns_20@naver.com
202022056,abcd123!,최재훈,wogns_20@naver.com
202022057,abcd123!,최재훈,wogns_20@naver.com
admin,abcd127!,관리자,admin11@naver.com
201322777,abcd126!,라이언,egirls15@gmail.com
201911456,abcd123!,홍길동,ab@naver.com
201511444,abcd123!,김미영1,disney3@naver.com
202011050,abcd123!,최재훈,wogns@naver.coo
202022055,abcd123!,최재훈,wogns_20@naver.com
202022056,abcd123!,최재훈,wogns_20@naver.com
202022057,abcd123!,최재훈,wogns_20@naver.com
admin,abcd127!,관리자,admin11@naver.com
201322777,abcd126!,라이언,egirls15@gmail.com
201911456,abcd123!,홍길동,ab@naver.com
201511444,abcd123!,김미영1,disney3@naver.com
202011050,abcd123!,최재훈,wogns@naver.coo
202022055,abcd123!,최재훈,wogns_20@naver.com
202022056,abcd123!,최재훈,wogns_20@naver.com
202022057,abcd123!!,최재훈,wogns_20@naver.com
admin,abcd127!,관리자,admin11@naver.com
201322777,abcd126!,라이언,egirls15@gmail.com
201911456,abcd123!,홍길동,ab@naver.com
201511444,abcd123!,김미영1,disney3@naver.com
202011050,abcd123!,최재훈,wogns@naver.coo
202022055,abcd123!,최재훈,wogns_20@naver.com
202022056,abcd123!,최재훈,wogns_20@naver.com
202022057,abcd123!,최재훈,wogns_20@naver.com
admin,abcd127!,관리자,admin11@naver.com
201322777,abcd126!,라이언,egirls15@gmail.com
201911456,abcd123!,홍길동,ab@naver.com
201511444,abcd123!,김미영1,disney3@naver.com
202011050,abcd123!,최재훈,wogns@naver.coo
202022055,abcd123!,최재훈,wogns_20@naver.com
202022056,abcd123!,최재훈,wogns_20@naver.com
202022057,abcd123!,최재훈,wogns_20@naver.com
admin,abcd127!,관리자,admin11@naver.com
201322777,abcd126!,라이언,egirls15@gmail.com
201911456,abcd123!,홍길동,ab@naver.com
201511444,abcd123!,김미영1,disney3@naver.com
202011050,abcd123!,최재훈,wogns@naver.coo
202022055,abcd123!,최재훈,wogns_20@naver.com
202022056,abcd123!,최재훈,wogns_20@naver.com
202022057,abcd123!,최재훈,wogns_20@naver.com
admin,abcd127!,관리자,admin11@naver.com
201322777,abcd126!,라이언,egirls15@gmail.com
201911456,abcd123!,홍길동,ab@naver.com
201511444,abcd123!,김미영1,disney3@naver.com
202011050,abcd123!,최재훈,wogns@naver.coo
202022055,abcd123!,최재훈,wogns_20@naver.com
202022056,abcd123!,최재훈,wogns_20@naver.com
202022057,abcd123!!,최재훈,wogns_20@naver.com
202022058,abcd123!!,최재훈,wogns_20@naver.com
202022054,abcd123!,최재훈,wogns_20@naver.com
202022060,abcd123!,최재훈,wogns_20@naver.com
202022061,abcd123!,최재훈,wogns_20@naver.com
202022063,abcd123!,최재훈,wogns_20@naver.com
admin,abcd127!,관리자,admin11@naver.com
201322777,abcd126!,라이언,egirls15@gmail.com
201911456,abcd123!,홍길동,ab@naver.com
201511444,abcd123!,김미영1,disney3@naver.com
202011050,abcd123!,최재훈,wogns@naver.coo
202022055,abcd123!,최재훈,wogns_20@naver.com
202022056,abcd123!,최재훈,wogns_20@naver.com
202022057,abcd123!,최재훈,wogns_20@naver.com
admin,abcd127!,관리자,admin11@naver.com
201322777,abcd126!,라이언,egirls15@gmail.com
201911456,abcd123!,홍길동,ab@naver.com
201511444,abcd123!,김미영1,disney3@naver.com
202011050,abcd123!,최재훈,wogns@naver.coo
202022055,abcd123!,최재훈,wogns_20@naver.com
202022056,abcd123!,최재훈,wogns_20@naver.com
202022057,abcd123!,최재훈,wogns_20@naver.com
admin,abcd127!,관리자,admin11@naver.com
201322777,abcd126!,라이언,egirls15@gmail.com
201911456,abcd123!,홍길동,ab@naver.com
201511444,abcd123!,김미영1,disney3@naver.com
202011050,abcd123!,최재훈,wogns@naver.coo
202022055,abcd123!,최재훈,wogns_20@naver.com
202022056,abcd123!,최재훈,wogns_20@naver.com
202022057,abcd123!,최재훈,wogns_20@naver.com
admin,abcd127!,관리자,admin11@naver.com
201322777,abcd126!,라이언,egirls15@gmail.com
201911456,abcd123!,홍길동,ab@naver.com
201511444,abcd123!,김미영1,disney3@naver.com
202011050,abcd123!,최재훈,wogns@naver.coo
202022055,abcd123!,최재훈,wogns_20@naver.com
202022056,abcd123!,최재훈,wogns_20@naver.com
202022057,abcd123!!,최재훈,wogns_20@naver.com
admin,abcd127!,관리자,admin11@naver.com
201322777,abcd126!,라이언,egirls15@gmail.com
201911456,abcd123!,홍길동,ab@naver.com
201511444,abcd123!,김미영1,disney3@naver.com
202011050,abcd123!,최재훈,wogns@naver.coo
202022055,abcd123!,최재훈,wogns_20@naver.com
202022056,abcd123!,최재훈,wogns_20@naver.com
202022057,abcd123!,최재훈,wogns_20@naver.com
admin,abcd127!,관리자,admin11@naver.com
201322777,abcd126!,라이언,egirls15@gmail.com
201911456,abcd123!,홍길동,ab@naver.com
201511444,abcd123!,김미영1,disney3@naver.com
202011050,abcd123!,최재훈,wogns@naver.coo
202022055,abcd123!,최재훈,wogns_20@naver.com
202022056,abcd123!,최재훈,wogns_20@naver.com
202022057,abcd123!,최재훈,wogns_20@naver.com
admin,abcd127!,관리자,admin11@naver.com
201322777,abcd126!,라이언,egirls15@gmail.com
201911456,abcd123!,홍길동,ab@naver.com
201511444,abcd123!,김미영1,disney3@naver.com
202011050,abcd123!,최재훈,wogns@naver.coo
202022055,abcd123!,최재훈,wogns_20@naver.com
202022056,abcd123!,최재훈,wogns_20@naver.com
202022057,abcd123!,최재훈,wogns_20@naver.com
admin,abcd127!,관리자,admin11@naver.com
201322777,abcd126!,라이언,egirls15@gmail.com
201911456,abcd123!,홍길동,ab@naver.com
201511444,abcd123!,김미영1,disney3@naver.com
202011050,abcd123!,최재훈,wogns@naver.coo
202022055,abcd123!,최재훈,wogns_20@naver.com
202022056,abcd123!,최재훈,wogns_20@naver.com
202022057,abcd123!!,최재훈,wogns_20@naver.com
admin,abcd127!,관리자,admin11@naver.com
201322777,abcd126!,라이언,egirls15@gmail.com
201911456,abcd123!,홍길동,ab@naver.com
201511444,abcd123!,김미영1,disney3@naver.com
202011050,abcd123!,최재훈,wogns@naver.coo
202022055,abcd123!,최재훈,wogns_20@naver.com
202022056,abcd123!,최재훈,wogns_20@naver.com
202022057,abcd123!,최재훈,wogns_20@naver.com
admin,abcd127!,관리자,admin11@naver.com
201322777,abcd126!,라이언,egirls15@gmail.com
201911456,abcd123!,홍길동,ab@naver.com
201511444,abcd123!,김미영1,disney3@naver.com
202011050,abcd123!,최재훈,wogns@naver.coo
202022055,abcd123!,최재훈,wogns_20@naver.com
202022056,abcd123!,최재훈,wogns_20@naver.com
202022057,abcd123!,최재훈,wogns_20@naver.com
admin,abcd127!,관리자,admin11@naver.com
201322777,abcd126!,라이언,egirls15@gmail.com
201911456,abcd123!,홍길동,ab@naver.com
201511444,abcd123!,김미영1,disney3@naver.com
202011050,abcd123!,최재훈,wogns@naver.coo
202022055,abcd123!,최재훈,wogns_20@naver.com
202022056,abcd123!,최재훈,wogns_20@naver.com
202022057,abcd123!,최재훈,wogns_20@naver.com
admin,abcd127!,관리자,admin11@naver.com
201322777,abcd126!,라이언,egirls15@gmail.com
201911456,abcd123!,홍길동,ab@naver.com
201511444,abcd123!,김미영1,disney3@naver.com
202011050,abcd123!,최재훈,wogns@naver.coo
202022055,abcd123!,최재훈,wogns_20@naver.com
202022056,abcd123!,최재훈,wogns_20@naver.com
202022057,abcd123!!,최재훈,wogns_20@naver.com
202022058,abcd123!!,최재훈,wogns_20@naver.com
202022054,abcd123!,최재훈,wogns_20@naver.com
202022060,abcd123!,최재훈,wogns_20@naver.com
202022061,abcd123!,최재훈,wogns_20@naver.com
202022063,aaaa123!,최재훈,wogns_20@naver.com
202022065,abcd123!!,최재훈,wogns_20@naver.com